year,total_cases_region,new_cases_region,deaths_region,total_population,avg_cases_per_100k,avg_case_fatality_rate
2018,2021100.0,0,185937.0,662530947,265.948,10.165000
2019,2009900.0,0,180633.0,668794874,258.462,9.994000
2020,1964300.0,0,197632.0,674606752,253.171,10.437000
2021,2167500.0,0,253632.0,679422138,266.982,12.155000
2022,2448900.0,0,274273.0,684430179,293.383,10.288000
2023,2546300.0,0,251753.0,689786796,305.247,8.362000
